tournament_name,category,tournament_date,player_1,player_2,player_1_seed,player_2_seed,player_1_nationality,player_2_nationality,round,match,game,player_1_score,player_2_score,game_winner
2020-2021 PSA World Championship,Men's,2021-07-22,Ali Farag,Mohamed Elshorbagy,1,2,EGY,EGY,F,62,1,7,11,Mohamed Elshorbagy
2020-2021 PSA World Championship,Men's,2021-07-22,Ali Farag,Mohamed Elshorbagy,1,2,EGY,EGY,F,62,2,12,10,Ali Farag
2020-2021 PSA World Championship,Men's,2021-07-22,Ali Farag,Mohamed Elshorbagy,1,2,EGY,EGY,F,62,3,11,9,Ali Farag
2020-2021 PSA World Championship,Men's,2021-07-22,Ali Farag,Mohamed Elshorbagy,1,2,EGY,EGY,F,62,4,11,4,Ali Farag
2020-2021 PSA World Championship,Men's,2021-07-22,Ali Farag,Tarek Momen,1,3,EGY,EGY,SF,61,1,10,12,Tarek Momen
2020-2021 PSA World Championship,Men's,2021-07-22,Ali Farag,Tarek Momen,1,3,EGY,EGY,SF,61,2,11,5,Ali Farag
2020-2021 PSA World Championship,Men's,2021-07-22,Ali Farag,Tarek Momen,1,3,EGY,EGY,SF,61,3,12,10,Ali Farag
2020-2021 PSA World Championship,Men's,2021-07-22,Ali Farag,Tarek Momen,1,3,EGY,EGY,SF,61,4,5,11,Tarek Momen
2020-2021 PSA World Championship,Men's,2021-07-22,Ali Farag,Tarek Momen,1,3,EGY,EGY,SF,61,5,11,8,Ali Farag
2020-2021 PSA World Championship,Men's,2021-07-22,Mohamed Elshorbagy,Paul Coll,2,4,EGY,NZL,SF,60,1,11,5,Mohamed Elshorbagy
2020-2021 PSA World Championship,Men's,2021-07-22,Mohamed Elshorbagy,Paul Coll,2,4,EGY,NZL,SF,60,2,11,3,Mohamed Elshorbagy
2020-2021 PSA World Championship,Men's,2021-07-22,Mohamed Elshorbagy,Paul Coll,2,4,EGY,NZL,SF,60,3,4,11,Paul Coll
2020-2021 PSA World Championship,Men's,2021-07-22,Mohamed Elshorbagy,Paul Coll,2,4,EGY,NZL,SF,60,4,11,8,Mohamed Elshorbagy
2020-2021 PSA World Championship,Men's,2021-07-22,Ali Farag,Diego Elias,1,8,EGY,PER,QF,59,1,7,11,Diego Elias
2020-2021 PSA World Championship,Men's,2021-07-22,Ali Farag,Diego Elias,1,8,EGY,PER,QF,59,2,11,7,Ali Farag
2020-2021 PSA World Championship,Men's,2021-07-22,Ali Farag,Diego Elias,1,8,EGY,PER,QF,59,3,11,9,Ali Farag
2020-2021 PSA World Championship,Men's,2021-07-22,Ali Farag,Diego Elias,1,8,EGY,PER,QF,59,4,11,4,Ali Farag
2020-2021 PSA World Championship,Men's,2021-07-22,Tarek Momen,Marwan Elshorbagy,3,5,EGY,EGY,QF,58,1,4,11,Marwan Elshorbagy
2020-2021 PSA World Championship,Men's,2021-07-22,Tarek Momen,Marwan Elshorbagy,3,5,EGY,EGY,QF,58,2,11,8,Tarek Momen
2020-2021 PSA World Championship,Men's,2021-07-22,Tarek Momen,Marwan Elshorbagy,3,5,EGY,EGY,QF,58,3,11,5,Tarek Momen
2020-2021 PSA World Championship,Men's,2021-07-22,Tarek Momen,Marwan Elshorbagy,3,5,EGY,EGY,QF,58,4,13,11,Tarek Momen
2020-2021 PSA World Championship,Men's,2021-07-22,Paul Coll,Karim Abdel Gawad,4,6,NZL,EGY,QF,57,1,7,11,Karim Abdel Gawad
2020-2021 PSA World Championship,Men's,2021-07-22,Paul Coll,Karim Abdel Gawad,4,6,NZL,EGY,QF,57,2,8,11,Karim Abdel Gawad
2020-2021 PSA World Championship,Men's,2021-07-22,Paul Coll,Karim Abdel Gawad,4,6,NZL,EGY,QF,57,3,11,9,Paul Coll
2020-2021 PSA World Championship,Men's,2021-07-22,Paul Coll,Karim Abdel Gawad,4,6,NZL,EGY,QF,57,4,11,4,Paul Coll
2020-2021 PSA World Championship,Men's,2021-07-22,Paul Coll,Karim Abdel Gawad,4,6,NZL,EGY,QF,57,5,11,6,Paul Coll
2020-2021 PSA World Championship,Men's,2021-07-22,Mohamed Elshorbagy,Fares Dessouky,2,7,EGY,EGY,QF,56,1,11,6,Mohamed Elshorbagy
2020-2021 PSA World Championship,Men's,2021-07-22,Mohamed Elshorbagy,Fares Dessouky,2,7,EGY,EGY,QF,56,2,11,7,Mohamed Elshorbagy
2020-2021 PSA World Championship,Men's,2021-07-22,Mohamed Elshorbagy,Fares Dessouky,2,7,EGY,EGY,QF,56,3,11,5,Mohamed Elshorbagy
2020-2021 PSA World Championship,Men's,2021-07-22,Ali Farag,Miguel Rodriguez,1,10,EGY,COL,3rd,55,1,11,3,Ali Farag
2020-2021 PSA World Championship,Men's,2021-07-22,Ali Farag,Miguel Rodriguez,1,10,EGY,COL,3rd,55,2,11,5,Ali Farag
2020-2021 PSA World Championship,Men's,2021-07-22,Ali Farag,Miguel Rodriguez,1,10,EGY,COL,3rd,55,3,11,5,Ali Farag
2020-2021 PSA World Championship,Men's,2021-07-22,Diego Elias,George Parker,8,NA,PER,ENG,3rd,54,1,11,6,Diego Elias
2020-2021 PSA World Championship,Men's,2021-07-22,Diego Elias,George Parker,8,NA,PER,ENG,3rd,54,2,13,11,Diego Elias
2020-2021 PSA World Championship,Men's,2021-07-22,Diego Elias,George Parker,8,NA,PER,ENG,3rd,54,3,11,4,Diego Elias
2020-2021 PSA World Championship,Men's,2021-07-22,Marwan Elshorbagy,Gregoire Marche,5,13,EGY,FRA,3rd,53,1,8,11,Gregoire Marche
2020-2021 PSA World Championship,Men's,2021-07-22,Marwan Elshorbagy,Gregoire Marche,5,13,EGY,FRA,3rd,53,2,11,4,Marwan Elshorbagy
2020-2021 PSA World Championship,Men's,2021-07-22,Marwan Elshorbagy,Gregoire Marche,5,13,EGY,FRA,3rd,53,3,11,3,Marwan Elshorbagy
2020-2021 PSA World Championship,Men's,2021-07-22,Marwan Elshorbagy,Gregoire Marche,5,13,EGY,FRA,3rd,53,4,11,9,Marwan Elshorbagy
2020-2021 PSA World Championship,Men's,2021-07-22,Tarek Momen,Youssef Ibrahim,3,NA,EGY,EGY,3rd,52,1,11,2,Tarek Momen
2020-2021 PSA World Championship,Men's,2021-07-22,Tarek Momen,Youssef Ibrahim,3,NA,EGY,EGY,3rd,52,2,11,9,Tarek Momen
2020-2021 PSA World Championship,Men's,2021-07-22,Tarek Momen,Youssef Ibrahim,3,NA,EGY,EGY,3rd,52,3,11,8,Tarek Momen
2020-2021 PSA World Championship,Men's,2021-07-22,Paul Coll,Saurav Ghosal,4,12,NZL,IND,3rd,51,1,11,3,Paul Coll
2020-2021 PSA World Championship,Men's,2021-07-22,Paul Coll,Saurav Ghosal,4,12,NZL,IND,3rd,51,2,7,11,Saurav Ghosal
2020-2021 PSA World Championship,Men's,2021-07-22,Paul Coll,Saurav Ghosal,4,12,NZL,IND,3rd,51,3,11,5,Paul Coll
2020-2021 PSA World Championship,Men's,2021-07-22,Paul Coll,Saurav Ghosal,4,12,NZL,IND,3rd,51,4,11,5,Paul Coll
2020-2021 PSA World Championship,Men's,2021-07-22,Karim Abdel Gawad,Baptiste Masotti,6,NA,EGY,FRA,3rd,50,1,8,11,Baptiste Masotti
2020-2021 PSA World Championship,Men's,2021-07-22,Karim Abdel Gawad,Baptiste Masotti,6,NA,EGY,FRA,3rd,50,2,11,0,Karim Abdel Gawad
2020-2021 PSA World Championship,Men's,2021-07-22,Karim Abdel Gawad,Baptiste Masotti,6,NA,EGY,FRA,3rd,50,3,11,7,Karim Abdel Gawad
2020-2021 PSA World Championship,Men's,2021-07-22,Karim Abdel Gawad,Baptiste Masotti,6,NA,EGY,FRA,3rd,50,4,11,4,Karim Abdel Gawad
2020-2021 PSA World Championship,Men's,2021-07-22,Fares Dessouky,Mohamed Abouelghar,7,11,EGY,EGY,3rd,49,1,11,6,Fares Dessouky
2020-2021 PSA World Championship,Men's,2021-07-22,Fares Dessouky,Mohamed Abouelghar,7,11,EGY,EGY,3rd,49,2,11,13,Mohamed Abouelghar
2020-2021 PSA World Championship,Men's,2021-07-22,Fares Dessouky,Mohamed Abouelghar,7,11,EGY,EGY,3rd,49,3,11,7,Fares Dessouky
2020-2021 PSA World Championship,Men's,2021-07-22,Fares Dessouky,Mohamed Abouelghar,7,11,EGY,EGY,3rd,49,4,12,10,Fares Dessouky
2020-2021 PSA World Championship,Men's,2021-07-22,Mohamed Elshorbagy,Joel Makin,2,9,EGY,WAL,3rd,48,1,11,4,Mohamed Elshorbagy
2020-2021 PSA World Championship,Men's,2021-07-22,Mohamed Elshorbagy,Joel Makin,2,9,EGY,WAL,3rd,48,2,11,7,Mohamed Elshorbagy
2020-2021 PSA World Championship,Men's,2021-07-22,Mohamed Elshorbagy,Joel Makin,2,9,EGY,WAL,3rd,48,3,11,7,Mohamed Elshorbagy
2020-2021 PSA World Championship,Men's,2021-07-22,Ali Farag,Eain Yow Ng,1,NA,EGY,MAS,2nd,47,1,11,6,Ali Farag
2020-2021 PSA World Championship,Men's,2021-07-22,Ali Farag,Eain Yow Ng,1,NA,EGY,MAS,2nd,47,2,11,9,Ali Farag
2020-2021 PSA World Championship,Men's,2021-07-22,Ali Farag,Eain Yow Ng,1,NA,EGY,MAS,2nd,47,3,11,5,Ali Farag
2020-2021 PSA World Championship,Men's,2021-07-22,Miguel Rodriguez,Dimitri Steinmann,10,NA,COL,SUI,2nd,46,1,11,9,Miguel Rodriguez
2020-2021 PSA World Championship,Men's,2021-07-22,Miguel Rodriguez,Dimitri Steinmann,10,NA,COL,SUI,2nd,46,2,11,7,Miguel Rodriguez
2020-2021 PSA World Championship,Men's,2021-07-22,Miguel Rodriguez,Dimitri Steinmann,10,NA,COL,SUI,2nd,46,3,11,4,Miguel Rodriguez
2020-2021 PSA World Championship,Men's,2021-07-22,George Parker,Omar Mosaad,NA,15,ENG,EGY,2nd,45,1,13,11,George Parker
2020-2021 PSA World Championship,Men's,2021-07-22,George Parker,Omar Mosaad,NA,15,ENG,EGY,2nd,45,2,3,11,Omar Mosaad
2020-2021 PSA World Championship,Men's,2021-07-22,George Parker,Omar Mosaad,NA,15,ENG,EGY,2nd,45,3,11,4,George Parker
2020-2021 PSA World Championship,Men's,2021-07-22,George Parker,Omar Mosaad,NA,15,ENG,EGY,2nd,45,4,11,6,George Parker
2020-2021 PSA World Championship,Men's,2021-07-22,Diego Elias,Mathieu Castagnet,8,NA,PER,FRA,2nd,44,1,11,4,Diego Elias
2020-2021 PSA World Championship,Men's,2021-07-22,Diego Elias,Mathieu Castagnet,8,NA,PER,FRA,2nd,44,2,11,6,Diego Elias
2020-2021 PSA World Championship,Men's,2021-07-22,Diego Elias,Mathieu Castagnet,8,NA,PER,FRA,2nd,44,3,11,4,Diego Elias
2020-2021 PSA World Championship,Men's,2021-07-22,Marwan Elshorbagy,Mohamed Elsherbini,5,NA,EGY,EGY,2nd,43,1,9,11,Mohamed Elsherbini
2020-2021 PSA World Championship,Men's,2021-07-22,Marwan Elshorbagy,Mohamed Elsherbini,5,NA,EGY,EGY,2nd,43,2,11,6,Marwan Elshorbagy
2020-2021 PSA World Championship,Men's,2021-07-22,Marwan Elshorbagy,Mohamed Elsherbini,5,NA,EGY,EGY,2nd,43,3,11,4,Marwan Elshorbagy
2020-2021 PSA World Championship,Men's,2021-07-22,Marwan Elshorbagy,Mohamed Elsherbini,5,NA,EGY,EGY,2nd,43,4,9,11,Mohamed Elsherbini
2020-2021 PSA World Championship,Men's,2021-07-22,Marwan Elshorbagy,Mohamed Elsherbini,5,NA,EGY,EGY,2nd,43,5,11,4,Marwan Elshorbagy
2020-2021 PSA World Championship,Men's,2021-07-22,Gregoire Marche,Nicolas Müller,13,NA,FRA,SUI,2nd,42,1,11,6,Gregoire Marche
2020-2021 PSA World Championship,Men's,2021-07-22,Gregoire Marche,Nicolas Müller,13,NA,FRA,SUI,2nd,42,2,11,7,Gregoire Marche
2020-2021 PSA World Championship,Men's,2021-07-22,Gregoire Marche,Nicolas Müller,13,NA,FRA,SUI,2nd,42,3,8,11,Nicolas Müller
2020-2021 PSA World Championship,Men's,2021-07-22,Gregoire Marche,Nicolas Müller,13,NA,FRA,SUI,2nd,42,4,11,7,Gregoire Marche
2020-2021 PSA World Championship,Men's,2021-07-22,Youssef Ibrahim,Shahjahan Khan,NA,NA,EGY,USA,2nd,41,1,11,8,Youssef Ibrahim
2020-2021 PSA World Championship,Men's,2021-07-22,Youssef Ibrahim,Shahjahan Khan,NA,NA,EGY,USA,2nd,41,2,11,5,Youssef Ibrahim
2020-2021 PSA World Championship,Men's,2021-07-22,Youssef Ibrahim,Shahjahan Khan,NA,NA,EGY,USA,2nd,41,3,13,11,Youssef Ibrahim
2020-2021 PSA World Championship,Men's,2021-07-22,Tarek Momen,Youssef Soliman,3,NA,EGY,EGY,2nd,40,1,11,7,Tarek Momen
2020-2021 PSA World Championship,Men's,2021-07-22,Tarek Momen,Youssef Soliman,3,NA,EGY,EGY,2nd,40,2,4,11,Youssef Soliman
2020-2021 PSA World Championship,Men's,2021-07-22,Tarek Momen,Youssef Soliman,3,NA,EGY,EGY,2nd,40,3,11,7,Tarek Momen
2020-2021 PSA World Championship,Men's,2021-07-22,Tarek Momen,Youssef Soliman,3,NA,EGY,EGY,2nd,40,4,11,5,Tarek Momen
2020-2021 PSA World Championship,Men's,2021-07-22,Paul Coll,Victor Crouin,4,NA,NZL,FRA,2nd,39,1,11,7,Paul Coll
2020-2021 PSA World Championship,Men's,2021-07-22,Paul Coll,Victor Crouin,4,NA,NZL,FRA,2nd,39,2,11,8,Paul Coll
2020-2021 PSA World Championship,Men's,2021-07-22,Paul Coll,Victor Crouin,4,NA,NZL,FRA,2nd,39,3,11,8,Paul Coll
2020-2021 PSA World Championship,Men's,2021-07-22,Saurav Ghosal,Raphael Kandra,12,NA,IND,GER,2nd,38,1,11,8,Saurav Ghosal
2020-2021 PSA World Championship,Men's,2021-07-22,Saurav Ghosal,Raphael Kandra,12,NA,IND,GER,2nd,38,2,11,3,Saurav Ghosal
2020-2021 PSA World Championship,Men's,2021-07-22,Saurav Ghosal,Raphael Kandra,12,NA,IND,GER,2nd,38,3,11,5,Saurav Ghosal
2020-2021 PSA World Championship,Men's,2021-07-22,Baptiste Masotti,Mazen Hesham,NA,14,FRA,EGY,2nd,37,1,9,11,Mazen Hesham
2020-2021 PSA World Championship,Men's,2021-07-22,Baptiste Masotti,Mazen Hesham,NA,14,FRA,EGY,2nd,37,2,9,11,Mazen Hesham
2020-2021 PSA World Championship,Men's,2021-07-22,Baptiste Masotti,Mazen Hesham,NA,14,FRA,EGY,2nd,37,3,11,4,Baptiste Masotti
2020-2021 PSA World Championship,Men's,2021-07-22,Baptiste Masotti,Mazen Hesham,NA,14,FRA,EGY,2nd,37,4,11,1,Baptiste Masotti
2020-2021 PSA World Championship,Men's,2021-07-22,Baptiste Masotti,Mazen Hesham,NA,14,FRA,EGY,2nd,37,5,11,6,Baptiste Masotti
2020-2021 PSA World Championship,Men's,2021-07-22,Karim Abdel Gawad,Borja Golan,6,NA,EGY,ESP,2nd,36,1,11,9,Karim Abdel Gawad
2020-2021 PSA World Championship,Men's,2021-07-22,Karim Abdel Gawad,Borja Golan,6,NA,EGY,ESP,2nd,36,2,11,9,Karim Abdel Gawad
2020-2021 PSA World Championship,Men's,2021-07-22,Karim Abdel Gawad,Borja Golan,6,NA,EGY,ESP,2nd,36,3,11,9,Karim Abdel Gawad
2020-2021 PSA World Championship,Men's,2021-07-22,Fares Dessouky,Ryosei Kobayashi,7,NA,EGY,JPN,2nd,35,1,11,6,Fares Dessouky
2020-2021 PSA World Championship,Men's,2021-07-22,Fares Dessouky,Ryosei Kobayashi,7,NA,EGY,JPN,2nd,35,2,11,8,Fares Dessouky
2020-2021 PSA World Championship,Men's,2021-07-22,Fares Dessouky,Ryosei Kobayashi,7,NA,EGY,JPN,2nd,35,3,11,7,Fares Dessouky
2020-2021 PSA World Championship,Men's,2021-07-22,Mohamed Abouelghar,Arturo Salazar,11,NA,EGY,MEX,2nd,34,1,11,7,Mohamed Abouelghar
2020-2021 PSA World Championship,Men's,2021-07-22,Mohamed Abouelghar,Arturo Salazar,11,NA,EGY,MEX,2nd,34,2,11,5,Mohamed Abouelghar
2020-2021 PSA World Championship,Men's,2021-07-22,Mohamed Abouelghar,Arturo Salazar,11,NA,EGY,MEX,2nd,34,3,11,4,Mohamed Abouelghar
2020-2021 PSA World Championship,Men's,2021-07-22,Joel Makin,Gregory Gaultier,9,NA,WAL,FRA,2nd,33,1,11,4,Joel Makin
2020-2021 PSA World Championship,Men's,2021-07-22,Joel Makin,Gregory Gaultier,9,NA,WAL,FRA,2nd,33,2,11,8,Joel Makin
2020-2021 PSA World Championship,Men's,2021-07-22,Joel Makin,Gregory Gaultier,9,NA,WAL,FRA,2nd,33,3,11,0,Joel Makin
2020-2021 PSA World Championship,Men's,2021-07-22,Mohamed Elshorbagy,Patrick Rooney,2,NA,EGY,ENG,2nd,32,1,11,7,Mohamed Elshorbagy
2020-2021 PSA World Championship,Men's,2021-07-22,Mohamed Elshorbagy,Patrick Rooney,2,NA,EGY,ENG,2nd,32,2,11,6,Mohamed Elshorbagy
2020-2021 PSA World Championship,Men's,2021-07-22,Mohamed Elshorbagy,Patrick Rooney,2,NA,EGY,ENG,2nd,32,3,11,7,Mohamed Elshorbagy
2020-2021 PSA World Championship,Men's,2021-07-22,Ali Farag,Faraz Khan,1,NA,EGY,USA,1st,31,1,11,3,Ali Farag
2020-2021 PSA World Championship,Men's,2021-07-22,Ali Farag,Faraz Khan,1,NA,EGY,USA,1st,31,2,11,2,Ali Farag
2020-2021 PSA World Championship,Men's,2021-07-22,Ali Farag,Faraz Khan,1,NA,EGY,USA,1st,31,3,11,7,Ali Farag
2020-2021 PSA World Championship,Men's,2021-07-22,Eain Yow Ng,Adrian Waller,NA,NA,MAS,ENG,1st,30,1,11,6,Eain Yow Ng
2020-2021 PSA World Championship,Men's,2021-07-22,Eain Yow Ng,Adrian Waller,NA,NA,MAS,ENG,1st,30,2,8,11,Adrian Waller
2020-2021 PSA World Championship,Men's,2021-07-22,Eain Yow Ng,Adrian Waller,NA,NA,MAS,ENG,1st,30,3,11,9,Eain Yow Ng
2020-2021 PSA World Championship,Men's,2021-07-22,Eain Yow Ng,Adrian Waller,NA,NA,MAS,ENG,1st,30,4,11,5,Eain Yow Ng
2020-2021 PSA World Championship,Men's,2021-07-22,Dimitri Steinmann,Todd Harrity,NA,NA,SUI,USA,1st,29,1,11,8,Dimitri Steinmann
2020-2021 PSA World Championship,Men's,2021-07-22,Dimitri Steinmann,Todd Harrity,NA,NA,SUI,USA,1st,29,2,7,11,Todd Harrity
2020-2021 PSA World Championship,Men's,2021-07-22,Dimitri Steinmann,Todd Harrity,NA,NA,SUI,USA,1st,29,3,11,7,Dimitri Steinmann
2020-2021 PSA World Championship,Men's,2021-07-22,Dimitri Steinmann,Todd Harrity,NA,NA,SUI,USA,1st,29,4,11,6,Dimitri Steinmann
2020-2021 PSA World Championship,Men's,2021-07-22,Miguel Rodriguez,Aditya Jagtap,10,NA,COL,IND,1st,28,1,11,2,Miguel Rodriguez
2020-2021 PSA World Championship,Men's,2021-07-22,Miguel Rodriguez,Aditya Jagtap,10,NA,COL,IND,1st,28,2,3,11,Aditya Jagtap
2020-2021 PSA World Championship,Men's,2021-07-22,Miguel Rodriguez,Aditya Jagtap,10,NA,COL,IND,1st,28,3,11,4,Miguel Rodriguez
2020-2021 PSA World Championship,Men's,2021-07-22,Miguel Rodriguez,Aditya Jagtap,10,NA,COL,IND,1st,28,4,11,3,Miguel Rodriguez
2020-2021 PSA World Championship,Men's,2021-07-22,Omar Mosaad,Syed Azlan Amjad,15,NA,EGY,QAT,1st,27,1,11,2,Omar Mosaad
2020-2021 PSA World Championship,Men's,2021-07-22,Omar Mosaad,Syed Azlan Amjad,15,NA,EGY,QAT,1st,27,2,11,4,Omar Mosaad
2020-2021 PSA World Championship,Men's,2021-07-22,Omar Mosaad,Syed Azlan Amjad,15,NA,EGY,QAT,1st,27,3,11,3,Omar Mosaad
2020-2021 PSA World Championship,Men's,2021-07-22,George Parker,Ramit Tandon,NA,NA,ENG,IND,1st,26,1,13,11,George Parker
2020-2021 PSA World Championship,Men's,2021-07-22,George Parker,Ramit Tandon,NA,NA,ENG,IND,1st,26,2,11,9,George Parker
2020-2021 PSA World Championship,Men's,2021-07-22,George Parker,Ramit Tandon,NA,NA,ENG,IND,1st,26,3,11,6,George Parker
2020-2021 PSA World Championship,Men's,2021-07-22,Mathieu Castagnet,Leonel Cardenas,NA,NA,FRA,MEX,1st,25,1,11,7,Mathieu Castagnet
2020-2021 PSA World Championship,Men's,2021-07-22,Mathieu Castagnet,Leonel Cardenas,NA,NA,FRA,MEX,1st,25,2,11,3,Mathieu Castagnet
2020-2021 PSA World Championship,Men's,2021-07-22,Mathieu Castagnet,Leonel Cardenas,NA,NA,FRA,MEX,1st,25,3,11,7,Mathieu Castagnet
2020-2021 PSA World Championship,Men's,2021-07-22,Diego Elias,Ivan Yuen,8,NA,PER,MAS,1st,24,1,11,9,Diego Elias
2020-2021 PSA World Championship,Men's,2021-07-22,Diego Elias,Ivan Yuen,8,NA,PER,MAS,1st,24,2,11,4,Diego Elias
2020-2021 PSA World Championship,Men's,2021-07-22,Diego Elias,Ivan Yuen,8,NA,PER,MAS,1st,24,3,11,4,Diego Elias
2020-2021 PSA World Championship,Men's,2021-07-22,Marwan Elshorbagy,Henry Leung,5,NA,EGY,HKG,1st,23,1,11,7,Marwan Elshorbagy
2020-2021 PSA World Championship,Men's,2021-07-22,Marwan Elshorbagy,Henry Leung,5,NA,EGY,HKG,1st,23,2,14,12,Marwan Elshorbagy
2020-2021 PSA World Championship,Men's,2021-07-22,Marwan Elshorbagy,Henry Leung,5,NA,EGY,HKG,1st,23,3,11,7,Marwan Elshorbagy
2020-2021 PSA World Championship,Men's,2021-07-22,Mohamed Elsherbini,Christopher Gordon,NA,NA,EGY,USA,1st,22,1,11,3,Mohamed Elsherbini
2020-2021 PSA World Championship,Men's,2021-07-22,Mohamed Elsherbini,Christopher Gordon,NA,NA,EGY,USA,1st,22,2,11,6,Mohamed Elsherbini
2020-2021 PSA World Championship,Men's,2021-07-22,Mohamed Elsherbini,Christopher Gordon,NA,NA,EGY,USA,1st,22,3,11,9,Mohamed Elsherbini
2020-2021 PSA World Championship,Men's,2021-07-22,Nicolas Müller,Lau Tsz Kwan,NA,NA,SUI,HKG,1st,21,1,11,2,Nicolas Müller
2020-2021 PSA World Championship,Men's,2021-07-22,Nicolas Müller,Lau Tsz Kwan,NA,NA,SUI,HKG,1st,21,2,11,4,Nicolas Müller
2020-2021 PSA World Championship,Men's,2021-07-22,Nicolas Müller,Lau Tsz Kwan,NA,NA,SUI,HKG,1st,21,3,7,11,Lau Tsz Kwan
2020-2021 PSA World Championship,Men's,2021-07-22,Nicolas Müller,Lau Tsz Kwan,NA,NA,SUI,HKG,1st,21,4,11,5,Nicolas Müller
2020-2021 PSA World Championship,Men's,2021-07-22,Gregoire Marche,Vikram Malhotra,13,NA,FRA,IND,1st,20,1,11,4,Gregoire Marche
2020-2021 PSA World Championship,Men's,2021-07-22,Gregoire Marche,Vikram Malhotra,13,NA,FRA,IND,1st,20,2,11,5,Gregoire Marche
2020-2021 PSA World Championship,Men's,2021-07-22,Gregoire Marche,Vikram Malhotra,13,NA,FRA,IND,1st,20,3,11,4,Gregoire Marche
2020-2021 PSA World Championship,Men's,2021-07-22,Youssef Ibrahim,James Willstrop,NA,16,EGY,ENG,1st,19,1,13,11,Youssef Ibrahim
2020-2021 PSA World Championship,Men's,2021-07-22,Youssef Ibrahim,James Willstrop,NA,16,EGY,ENG,1st,19,2,8,11,James Willstrop
2020-2021 PSA World Championship,Men's,2021-07-22,Youssef Ibrahim,James Willstrop,NA,16,EGY,ENG,1st,19,3,11,9,Youssef Ibrahim
2020-2021 PSA World Championship,Men's,2021-07-22,Youssef Ibrahim,James Willstrop,NA,16,EGY,ENG,1st,19,4,12,10,Youssef Ibrahim
2020-2021 PSA World Championship,Men's,2021-07-22,Shahjahan Khan,Alan Clyne,NA,NA,USA,SCO,1st,18,1,4,11,Alan Clyne
2020-2021 PSA World Championship,Men's,2021-07-22,Shahjahan Khan,Alan Clyne,NA,NA,USA,SCO,1st,18,2,6,11,Alan Clyne
2020-2021 PSA World Championship,Men's,2021-07-22,Shahjahan Khan,Alan Clyne,NA,NA,USA,SCO,1st,18,3,11,6,Shahjahan Khan
2020-2021 PSA World Championship,Men's,2021-07-22,Shahjahan Khan,Alan Clyne,NA,NA,USA,SCO,1st,18,4,11,4,Shahjahan Khan
2020-2021 PSA World Championship,Men's,2021-07-22,Shahjahan Khan,Alan Clyne,NA,NA,USA,SCO,1st,18,5,11,7,Shahjahan Khan
2020-2021 PSA World Championship,Men's,2021-07-22,Youssef Soliman,Declan James,NA,NA,EGY,ENG,1st,17,1,5,11,Declan James
2020-2021 PSA World Championship,Men's,2021-07-22,Youssef Soliman,Declan James,NA,NA,EGY,ENG,1st,17,2,11,8,Youssef Soliman
2020-2021 PSA World Championship,Men's,2021-07-22,Youssef Soliman,Declan James,NA,NA,EGY,ENG,1st,17,3,11,5,Youssef Soliman
2020-2021 PSA World Championship,Men's,2021-07-22,Youssef Soliman,Declan James,NA,NA,EGY,ENG,1st,17,4,11,9,Youssef Soliman
2020-2021 PSA World Championship,Men's,2021-07-22,Tarek Momen,Asim Khan,3,NA,EGY,PAK,1st,16,1,6,11,Asim Khan
2020-2021 PSA World Championship,Men's,2021-07-22,Tarek Momen,Asim Khan,3,NA,EGY,PAK,1st,16,2,11,5,Tarek Momen
2020-2021 PSA World Championship,Men's,2021-07-22,Tarek Momen,Asim Khan,3,NA,EGY,PAK,1st,16,3,11,2,Tarek Momen
2020-2021 PSA World Championship,Men's,2021-07-22,Tarek Momen,Asim Khan,3,NA,EGY,PAK,1st,16,4,11,5,Tarek Momen
2020-2021 PSA World Championship,Men's,2021-07-22,Paul Coll,Tayyab Aslam,4,NA,NZL,PAK,1st,15,1,11,2,Paul Coll
2020-2021 PSA World Championship,Men's,2021-07-22,Paul Coll,Tayyab Aslam,4,NA,NZL,PAK,1st,15,2,11,5,Paul Coll
2020-2021 PSA World Championship,Men's,2021-07-22,Paul Coll,Tayyab Aslam,4,NA,NZL,PAK,1st,15,3,11,2,Paul Coll
2020-2021 PSA World Championship,Men's,2021-07-22,Victor Crouin,Nathan Lake,NA,NA,FRA,ENG,1st,14,1,11,9,Victor Crouin
2020-2021 PSA World Championship,Men's,2021-07-22,Victor Crouin,Nathan Lake,NA,NA,FRA,ENG,1st,14,2,15,13,Victor Crouin
2020-2021 PSA World Championship,Men's,2021-07-22,Victor Crouin,Nathan Lake,NA,NA,FRA,ENG,1st,14,3,12,10,Victor Crouin
2020-2021 PSA World Championship,Men's,2021-07-22,Raphael Kandra,Alfredo Avila,NA,NA,GER,MEX,1st,13,1,11,8,Raphael Kandra
2020-2021 PSA World Championship,Men's,2021-07-22,Raphael Kandra,Alfredo Avila,NA,NA,GER,MEX,1st,13,2,11,8,Raphael Kandra
2020-2021 PSA World Championship,Men's,2021-07-22,Raphael Kandra,Alfredo Avila,NA,NA,GER,MEX,1st,13,3,11,4,Raphael Kandra
2020-2021 PSA World Championship,Men's,2021-07-22,Saurav Ghosal,Aly Hussein,12,NA,IND,EGY,1st,12,1,11,1,Saurav Ghosal
2020-2021 PSA World Championship,Men's,2021-07-22,Saurav Ghosal,Aly Hussein,12,NA,IND,EGY,1st,12,2,11,5,Saurav Ghosal
2020-2021 PSA World Championship,Men's,2021-07-22,Saurav Ghosal,Aly Hussein,12,NA,IND,EGY,1st,12,3,11,5,Saurav Ghosal
2020-2021 PSA World Championship,Men's,2021-07-22,Mazen Hesham,Max Lee,14,NA,EGY,HKG,1st,11,1,11,4,Mazen Hesham
2020-2021 PSA World Championship,Men's,2021-07-22,Mazen Hesham,Max Lee,14,NA,EGY,HKG,1st,11,2,11,2,Mazen Hesham
2020-2021 PSA World Championship,Men's,2021-07-22,Mazen Hesham,Max Lee,14,NA,EGY,HKG,1st,11,3,11,6,Mazen Hesham
2020-2021 PSA World Championship,Men's,2021-07-22,Baptiste Masotti,Bernat Jaume,NA,NA,FRA,ESP,1st,10,1,11,5,Baptiste Masotti
2020-2021 PSA World Championship,Men's,2021-07-22,Baptiste Masotti,Bernat Jaume,NA,NA,FRA,ESP,1st,10,2,9,11,Bernat Jaume
2020-2021 PSA World Championship,Men's,2021-07-22,Baptiste Masotti,Bernat Jaume,NA,NA,FRA,ESP,1st,10,3,11,6,Baptiste Masotti
2020-2021 PSA World Championship,Men's,2021-07-22,Baptiste Masotti,Bernat Jaume,NA,NA,FRA,ESP,1st,10,4,12,10,Baptiste Masotti
2020-2021 PSA World Championship,Men's,2021-07-22,Borja Golan,Mohd Syafiq Kamal,NA,NA,ESP,MAS,1st,9,1,11,4,Borja Golan
2020-2021 PSA World Championship,Men's,2021-07-22,Borja Golan,Mohd Syafiq Kamal,NA,NA,ESP,MAS,1st,9,2,11,5,Borja Golan
2020-2021 PSA World Championship,Men's,2021-07-22,Borja Golan,Mohd Syafiq Kamal,NA,NA,ESP,MAS,1st,9,3,11,3,Borja Golan
2020-2021 PSA World Championship,Men's,2021-07-22,Karim Abdel Gawad,Sébastien Bonmalais,6,NA,EGY,FRA,1st,8,1,13,11,Karim Abdel Gawad
2020-2021 PSA World Championship,Men's,2021-07-22,Karim Abdel Gawad,Sébastien Bonmalais,6,NA,EGY,FRA,1st,8,2,11,7,Karim Abdel Gawad
2020-2021 PSA World Championship,Men's,2021-07-22,Karim Abdel Gawad,Sébastien Bonmalais,6,NA,EGY,FRA,1st,8,3,17,15,Karim Abdel Gawad
2020-2021 PSA World Championship,Men's,2021-07-22,Fares Dessouky,Greg Lobban,7,NA,EGY,SCO,1st,7,1,6,11,Greg Lobban
2020-2021 PSA World Championship,Men's,2021-07-22,Fares Dessouky,Greg Lobban,7,NA,EGY,SCO,1st,7,2,11,5,Fares Dessouky
2020-2021 PSA World Championship,Men's,2021-07-22,Fares Dessouky,Greg Lobban,7,NA,EGY,SCO,1st,7,3,11,6,Fares Dessouky
2020-2021 PSA World Championship,Men's,2021-07-22,Fares Dessouky,Greg Lobban,7,NA,EGY,SCO,1st,7,4,11,3,Fares Dessouky
2020-2021 PSA World Championship,Men's,2021-07-22,Ryosei Kobayashi,Mahesh Mangaonkar,NA,NA,JPN,IND,1st,6,1,10,12,Mahesh Mangaonkar
2020-2021 PSA World Championship,Men's,2021-07-22,Ryosei Kobayashi,Mahesh Mangaonkar,NA,NA,JPN,IND,1st,6,2,11,7,Ryosei Kobayashi
2020-2021 PSA World Championship,Men's,2021-07-22,Ryosei Kobayashi,Mahesh Mangaonkar,NA,NA,JPN,IND,1st,6,3,8,11,Mahesh Mangaonkar
2020-2021 PSA World Championship,Men's,2021-07-22,Ryosei Kobayashi,Mahesh Mangaonkar,NA,NA,JPN,IND,1st,6,4,11,9,Ryosei Kobayashi
2020-2021 PSA World Championship,Men's,2021-07-22,Ryosei Kobayashi,Mahesh Mangaonkar,NA,NA,JPN,IND,1st,6,5,11,3,Ryosei Kobayashi
2020-2021 PSA World Championship,Men's,2021-07-22,Arturo Salazar,Lucas Serme,NA,NA,MEX,FRA,1st,5,1,7,11,Lucas Serme
2020-2021 PSA World Championship,Men's,2021-07-22,Arturo Salazar,Lucas Serme,NA,NA,MEX,FRA,1st,5,2,14,12,Arturo Salazar
2020-2021 PSA World Championship,Men's,2021-07-22,Arturo Salazar,Lucas Serme,NA,NA,MEX,FRA,1st,5,3,11,9,Arturo Salazar
2020-2021 PSA World Championship,Men's,2021-07-22,Arturo Salazar,Lucas Serme,NA,NA,MEX,FRA,1st,5,4,11,5,Arturo Salazar
2020-2021 PSA World Championship,Men's,2021-07-22,Mohamed Abouelghar,Karim El Hammamy,11,NA,EGY,EGY,1st,4,1,11,7,Mohamed Abouelghar
2020-2021 PSA World Championship,Men's,2021-07-22,Mohamed Abouelghar,Karim El Hammamy,11,NA,EGY,EGY,1st,4,2,11,5,Mohamed Abouelghar
2020-2021 PSA World Championship,Men's,2021-07-22,Mohamed Abouelghar,Karim El Hammamy,11,NA,EGY,EGY,1st,4,3,11,8,Mohamed Abouelghar
2020-2021 PSA World Championship,Men's,2021-07-22,Joel Makin,Abdulla AlTamimi,9,NA,WAL,QAT,1st,3,1,11,3,Joel Makin
2020-2021 PSA World Championship,Men's,2021-07-22,Joel Makin,Abdulla AlTamimi,9,NA,WAL,QAT,1st,3,2,12,10,Joel Makin
2020-2021 PSA World Championship,Men's,2021-07-22,Joel Makin,Abdulla AlTamimi,9,NA,WAL,QAT,1st,3,3,11,6,Joel Makin
2020-2021 PSA World Championship,Men's,2021-07-22,Gregory Gaultier,Iker Pajares Bernabeu,NA,NA,FRA,ESP,1st,2,1,11,9,Gregory Gaultier
2020-2021 PSA World Championship,Men's,2021-07-22,Gregory Gaultier,Iker Pajares Bernabeu,NA,NA,FRA,ESP,1st,2,2,11,6,Gregory Gaultier
2020-2021 PSA World Championship,Men's,2021-07-22,Gregory Gaultier,Iker Pajares Bernabeu,NA,NA,FRA,ESP,1st,2,3,7,7,Iker Pajares Bernabeu
2020-2021 PSA World Championship,Men's,2021-07-22,Patrick Rooney,Chris Hanson,NA,NA,ENG,USA,1st,1,1,11,1,Patrick Rooney
2020-2021 PSA World Championship,Men's,2021-07-22,Patrick Rooney,Chris Hanson,NA,NA,ENG,USA,1st,1,2,11,3,Patrick Rooney
2020-2021 PSA World Championship,Men's,2021-07-22,Patrick Rooney,Chris Hanson,NA,NA,ENG,USA,1st,1,3,11,8,Patrick Rooney
2020-2021 PSA World Championship,Men's,2021-07-22,Mohamed Elshorbagy,Yip Tsz Fung,2,NA,EGY,HKG,1st,0,1,11,6,Mohamed Elshorbagy
2020-2021 PSA World Championship,Men's,2021-07-22,Mohamed Elshorbagy,Yip Tsz Fung,2,NA,EGY,HKG,1st,0,2,11,5,Mohamed Elshorbagy
2020-2021 PSA World Championship,Men's,2021-07-22,Mohamed Elshorbagy,Yip Tsz Fung,2,NA,EGY,HKG,1st,0,3,11,5,Mohamed Elshorbagy
2020-2021 PSA World Championship,Women's,2021-07-22,Nour El Sherbini,Nouran Gohar,1,2,EGY,EGY,F,62,1,11,5,Nour El Sherbini
2020-2021 PSA World Championship,Women's,2021-07-22,Nour El Sherbini,Nouran Gohar,1,2,EGY,EGY,F,62,2,11,8,Nour El Sherbini
2020-2021 PSA World Championship,Women's,2021-07-22,Nour El Sherbini,Nouran Gohar,1,2,EGY,EGY,F,62,3,8,11,Nouran Gohar
2020-2021 PSA World Championship,Women's,2021-07-22,Nour El Sherbini,Nouran Gohar,1,2,EGY,EGY,F,62,4,11,9,Nour El Sherbini
2020-2021 PSA World Championship,Women's,2021-07-22,Nour El Sherbini,Amanda Sobhy,1,5,EGY,USA,SF,61,1,11,3,Nour El Sherbini
2020-2021 PSA World Championship,Women's,2021-07-22,Nour El Sherbini,Amanda Sobhy,1,5,EGY,USA,SF,61,2,11,5,Nour El Sherbini
2020-2021 PSA World Championship,Women's,2021-07-22,Nour El Sherbini,Amanda Sobhy,1,5,EGY,USA,SF,61,3,11,5,Nour El Sherbini
2020-2021 PSA World Championship,Women's,2021-07-22,Nouran Gohar,Camille Serme,2,3,EGY,FRA,SF,60,1,11,8,Nouran Gohar
2020-2021 PSA World Championship,Women's,2021-07-22,Nouran Gohar,Camille Serme,2,3,EGY,FRA,SF,60,2,11,4,Nouran Gohar
2020-2021 PSA World Championship,Women's,2021-07-22,Nouran Gohar,Camille Serme,2,3,EGY,FRA,SF,60,3,11,3,Nouran Gohar
2020-2021 PSA World Championship,Women's,2021-07-22,Nour El Sherbini,SarahJane Perry,1,6,EGY,ENG,QF,59,1,11,6,Nour El Sherbini
2020-2021 PSA World Championship,Women's,2021-07-22,Nour El Sherbini,SarahJane Perry,1,6,EGY,ENG,QF,59,2,12,10,Nour El Sherbini
2020-2021 PSA World Championship,Women's,2021-07-22,Nour El Sherbini,SarahJane Perry,1,6,EGY,ENG,QF,59,3,11,2,Nour El Sherbini
2020-2021 PSA World Championship,Women's,2021-07-22,Amanda Sobhy,Hania El Hammamy,5,4,USA,EGY,QF,58,1,11,3,Amanda Sobhy
2020-2021 PSA World Championship,Women's,2021-07-22,Amanda Sobhy,Hania El Hammamy,5,4,USA,EGY,QF,58,2,11,8,Amanda Sobhy
2020-2021 PSA World Championship,Women's,2021-07-22,Amanda Sobhy,Hania El Hammamy,5,4,USA,EGY,QF,58,3,11,9,Amanda Sobhy
2020-2021 PSA World Championship,Women's,2021-07-22,Camille Serme,Salma Hany,3,8,FRA,EGY,QF,57,1,11,8,Camille Serme
2020-2021 PSA World Championship,Women's,2021-07-22,Camille Serme,Salma Hany,3,8,FRA,EGY,QF,57,2,11,7,Camille Serme
2020-2021 PSA World Championship,Women's,2021-07-22,Camille Serme,Salma Hany,3,8,FRA,EGY,QF,57,3,11,7,Camille Serme
2020-2021 PSA World Championship,Women's,2021-07-22,Nouran Gohar,Joelle King,2,7,EGY,NZL,QF,56,1,11,5,Nouran Gohar
2020-2021 PSA World Championship,Women's,2021-07-22,Nouran Gohar,Joelle King,2,7,EGY,NZL,QF,56,2,11,7,Nouran Gohar
2020-2021 PSA World Championship,Women's,2021-07-22,Nouran Gohar,Joelle King,2,7,EGY,NZL,QF,56,3,8,11,Joelle King
2020-2021 PSA World Championship,Women's,2021-07-22,Nouran Gohar,Joelle King,2,7,EGY,NZL,QF,56,4,11,7,Nouran Gohar
2020-2021 PSA World Championship,Women's,2021-07-22,Nour El Sherbini,Olivia Fiechter,1,17,EGY,USA,3rd,55,1,11,4,Nour El Sherbini
2020-2021 PSA World Championship,Women's,2021-07-22,Nour El Sherbini,Olivia Fiechter,1,17,EGY,USA,3rd,55,2,14,12,Nour El Sherbini
2020-2021 PSA World Championship,Women's,2021-07-22,Nour El Sherbini,Olivia Fiechter,1,17,EGY,USA,3rd,55,3,11,7,Nour El Sherbini
2020-2021 PSA World Championship,Women's,2021-07-22,SarahJane Perry,Joshna Chinappa,6,10,ENG,IND,3rd,54,1,9,11,Joshna Chinappa
2020-2021 PSA World Championship,Women's,2021-07-22,SarahJane Perry,Joshna Chinappa,6,10,ENG,IND,3rd,54,2,11,6,SarahJane Perry
2020-2021 PSA World Championship,Women's,2021-07-22,SarahJane Perry,Joshna Chinappa,6,10,ENG,IND,3rd,54,3,11,7,SarahJane Perry
2020-2021 PSA World Championship,Women's,2021-07-22,SarahJane Perry,Joshna Chinappa,6,10,ENG,IND,3rd,54,4,11,7,SarahJane Perry
2020-2021 PSA World Championship,Women's,2021-07-22,Amanda Sobhy,Hollie Naughton,5,16,USA,CAN,3rd,53,1,11,5,Amanda Sobhy
2020-2021 PSA World Championship,Women's,2021-07-22,Amanda Sobhy,Hollie Naughton,5,16,USA,CAN,3rd,53,2,11,8,Amanda Sobhy
2020-2021 PSA World Championship,Women's,2021-07-22,Amanda Sobhy,Hollie Naughton,5,16,USA,CAN,3rd,53,3,8,11,Hollie Naughton
2020-2021 PSA World Championship,Women's,2021-07-22,Amanda Sobhy,Hollie Naughton,5,16,USA,CAN,3rd,53,4,11,5,Amanda Sobhy
2020-2021 PSA World Championship,Women's,2021-07-22,Hania El Hammamy,Nele Gilis,4,13,EGY,BEL,3rd,52,1,11,9,Hania El Hammamy
2020-2021 PSA World Championship,Women's,2021-07-22,Hania El Hammamy,Nele Gilis,4,13,EGY,BEL,3rd,52,2,14,12,Hania El Hammamy
2020-2021 PSA World Championship,Women's,2021-07-22,Hania El Hammamy,Nele Gilis,4,13,EGY,BEL,3rd,52,3,11,9,Hania El Hammamy
2020-2021 PSA World Championship,Women's,2021-07-22,Camille Serme,Olivia Clyne,3,12,FRA,USA,3rd,51,1,11,8,Camille Serme
2020-2021 PSA World Championship,Women's,2021-07-22,Camille Serme,Olivia Clyne,3,12,FRA,USA,3rd,51,2,11,7,Camille Serme
2020-2021 PSA World Championship,Women's,2021-07-22,Camille Serme,Olivia Clyne,3,12,FRA,USA,3rd,51,3,9,11,Olivia Clyne
2020-2021 PSA World Championship,Women's,2021-07-22,Camille Serme,Olivia Clyne,3,12,FRA,USA,3rd,51,4,11,8,Camille Serme
2020-2021 PSA World Championship,Women's,2021-07-22,Salma Hany,Rowan Elaraby,8,11,EGY,EGY,3rd,50,1,8,11,Rowan Elaraby
2020-2021 PSA World Championship,Women's,2021-07-22,Salma Hany,Rowan Elaraby,8,11,EGY,EGY,3rd,50,2,11,4,Salma Hany
2020-2021 PSA World Championship,Women's,2021-07-22,Salma Hany,Rowan Elaraby,8,11,EGY,EGY,3rd,50,3,11,4,Salma Hany
2020-2021 PSA World Championship,Women's,2021-07-22,Salma Hany,Rowan Elaraby,8,11,EGY,EGY,3rd,50,4,11,6,Salma Hany
2020-2021 PSA World Championship,Women's,2021-07-22,Joelle King,Nadine Shahin,7,15,NZL,EGY,3rd,49,1,11,8,Joelle King
2020-2021 PSA World Championship,Women's,2021-07-22,Joelle King,Nadine Shahin,7,15,NZL,EGY,3rd,49,2,11,3,Joelle King
2020-2021 PSA World Championship,Women's,2021-07-22,Joelle King,Nadine Shahin,7,15,NZL,EGY,3rd,49,3,11,5,Joelle King
2020-2021 PSA World Championship,Women's,2021-07-22,Nouran Gohar,Tesni Evans,2,9,EGY,WAL,3rd,48,1,12,10,Nouran Gohar
2020-2021 PSA World Championship,Women's,2021-07-22,Nouran Gohar,Tesni Evans,2,9,EGY,WAL,3rd,48,2,11,4,Nouran Gohar
2020-2021 PSA World Championship,Women's,2021-07-22,Nouran Gohar,Tesni Evans,2,9,EGY,WAL,3rd,48,3,11,8,Nouran Gohar
2020-2021 PSA World Championship,Women's,2021-07-22,Nour El Sherbini,Emilia Soini,1,NA,EGY,FIN,2nd,47,1,11,3,Nour El Sherbini
2020-2021 PSA World Championship,Women's,2021-07-22,Nour El Sherbini,Emilia Soini,1,NA,EGY,FIN,2nd,47,2,11,5,Nour El Sherbini
2020-2021 PSA World Championship,Women's,2021-07-22,Nour El Sherbini,Emilia Soini,1,NA,EGY,FIN,2nd,47,3,11,8,Nour El Sherbini
2020-2021 PSA World Championship,Women's,2021-07-22,Olivia Fiechter,Tinne Gilis,17,14,USA,BEL,2nd,46,1,9,11,Tinne Gilis
2020-2021 PSA World Championship,Women's,2021-07-22,Olivia Fiechter,Tinne Gilis,17,14,USA,BEL,2nd,46,2,11,8,Olivia Fiechter
2020-2021 PSA World Championship,Women's,2021-07-22,Olivia Fiechter,Tinne Gilis,17,14,USA,BEL,2nd,46,3,11,9,Olivia Fiechter
2020-2021 PSA World Championship,Women's,2021-07-22,Olivia Fiechter,Tinne Gilis,17,14,USA,BEL,2nd,46,4,13,11,Olivia Fiechter
2020-2021 PSA World Championship,Women's,2021-07-22,Joshna Chinappa,Melissa Alves,10,27,IND,FRA,2nd,45,1,11,5,Joshna Chinappa
2020-2021 PSA World Championship,Women's,2021-07-22,Joshna Chinappa,Melissa Alves,10,27,IND,FRA,2nd,45,2,11,5,Joshna Chinappa
2020-2021 PSA World Championship,Women's,2021-07-22,Joshna Chinappa,Melissa Alves,10,27,IND,FRA,2nd,45,3,16,14,Joshna Chinappa
2020-2021 PSA World Championship,Women's,2021-07-22,SarahJane Perry,Coline Aumard,6,23,ENG,FRA,2nd,44,1,11,6,SarahJane Perry
2020-2021 PSA World Championship,Women's,2021-07-22,SarahJane Perry,Coline Aumard,6,23,ENG,FRA,2nd,44,2,11,3,SarahJane Perry
2020-2021 PSA World Championship,Women's,2021-07-22,SarahJane Perry,Coline Aumard,6,23,ENG,FRA,2nd,44,3,11,7,SarahJane Perry
2020-2021 PSA World Championship,Women's,2021-07-22,Amanda Sobhy,Nada Abbas,5,22,USA,EGY,2nd,43,1,11,9,Amanda Sobhy
2020-2021 PSA World Championship,Women's,2021-07-22,Amanda Sobhy,Nada Abbas,5,22,USA,EGY,2nd,43,2,11,5,Amanda Sobhy
2020-2021 PSA World Championship,Women's,2021-07-22,Amanda Sobhy,Nada Abbas,5,22,USA,EGY,2nd,43,3,11,5,Amanda Sobhy
2020-2021 PSA World Championship,Women's,2021-07-22,Hollie Naughton,Danielle Letourneau,16,19,CAN,CAN,2nd,42,1,7,11,Danielle Letourneau
2020-2021 PSA World Championship,Women's,2021-07-22,Hollie Naughton,Danielle Letourneau,16,19,CAN,CAN,2nd,42,2,11,4,Hollie Naughton
2020-2021 PSA World Championship,Women's,2021-07-22,Hollie Naughton,Danielle Letourneau,16,19,CAN,CAN,2nd,42,3,8,11,Danielle Letourneau
2020-2021 PSA World Championship,Women's,2021-07-22,Hollie Naughton,Danielle Letourneau,16,19,CAN,CAN,2nd,42,4,11,3,Hollie Naughton
2020-2021 PSA World Championship,Women's,2021-07-22,Hollie Naughton,Danielle Letourneau,16,19,CAN,CAN,2nd,42,5,11,4,Hollie Naughton
2020-2021 PSA World Championship,Women's,2021-07-22,Nele Gilis,Sivasangari Subramaniam,13,25,BEL,MAS,2nd,41,1,11,6,Nele Gilis
2020-2021 PSA World Championship,Women's,2021-07-22,Nele Gilis,Sivasangari Subramaniam,13,25,BEL,MAS,2nd,41,2,12,10,Nele Gilis
2020-2021 PSA World Championship,Women's,2021-07-22,Nele Gilis,Sivasangari Subramaniam,13,25,BEL,MAS,2nd,41,3,3,11,Sivasangari Subramaniam
2020-2021 PSA World Championship,Women's,2021-07-22,Nele Gilis,Sivasangari Subramaniam,13,25,BEL,MAS,2nd,41,4,13,11,Nele Gilis
2020-2021 PSA World Championship,Women's,2021-07-22,Hania El Hammamy,Tze Lok Ho,4,NA,EGY,HKG,2nd,40,1,11,5,Hania El Hammamy
2020-2021 PSA World Championship,Women's,2021-07-22,Hania El Hammamy,Tze Lok Ho,4,NA,EGY,HKG,2nd,40,2,11,2,Hania El Hammamy
2020-2021 PSA World Championship,Women's,2021-07-22,Hania El Hammamy,Tze Lok Ho,4,NA,EGY,HKG,2nd,40,3,11,6,Hania El Hammamy
2020-2021 PSA World Championship,Women's,2021-07-22,Camille Serme,Donna Lobban,3,20,FRA,AUS,2nd,39,1,11,9,Camille Serme
2020-2021 PSA World Championship,Women's,2021-07-22,Camille Serme,Donna Lobban,3,20,FRA,AUS,2nd,39,2,11,3,Camille Serme
2020-2021 PSA World Championship,Women's,2021-07-22,Camille Serme,Donna Lobban,3,20,FRA,AUS,2nd,39,3,11,3,Camille Serme
2020-2021 PSA World Championship,Women's,2021-07-22,Olivia Clyne,Low Wee Wern,12,21,USA,MAS,2nd,38,1,11,9,Olivia Clyne
2020-2021 PSA World Championship,Women's,2021-07-22,Olivia Clyne,Low Wee Wern,12,21,USA,MAS,2nd,38,2,4,11,Low Wee Wern
2020-2021 PSA World Championship,Women's,2021-07-22,Olivia Clyne,Low Wee Wern,12,21,USA,MAS,2nd,38,3,11,9,Olivia Clyne
2020-2021 PSA World Championship,Women's,2021-07-22,Olivia Clyne,Low Wee Wern,12,21,USA,MAS,2nd,38,4,11,8,Olivia Clyne
2020-2021 PSA World Championship,Women's,2021-07-22,Rowan Elaraby,Sabrina Sobhy,11,18,EGY,USA,2nd,37,1,10,12,Sabrina Sobhy
2020-2021 PSA World Championship,Women's,2021-07-22,Rowan Elaraby,Sabrina Sobhy,11,18,EGY,USA,2nd,37,2,11,8,Rowan Elaraby
2020-2021 PSA World Championship,Women's,2021-07-22,Rowan Elaraby,Sabrina Sobhy,11,18,EGY,USA,2nd,37,3,11,8,Rowan Elaraby
2020-2021 PSA World Championship,Women's,2021-07-22,Rowan Elaraby,Sabrina Sobhy,11,18,EGY,USA,2nd,37,4,11,7,Rowan Elaraby
2020-2021 PSA World Championship,Women's,2021-07-22,Salma Hany,Zeina Mickawy,8,26,EGY,EGY,2nd,36,1,11,8,Salma Hany
2020-2021 PSA World Championship,Women's,2021-07-22,Salma Hany,Zeina Mickawy,8,26,EGY,EGY,2nd,36,2,11,6,Salma Hany
2020-2021 PSA World Championship,Women's,2021-07-22,Salma Hany,Zeina Mickawy,8,26,EGY,EGY,2nd,36,3,11,13,Zeina Mickawy
2020-2021 PSA World Championship,Women's,2021-07-22,Salma Hany,Zeina Mickawy,8,26,EGY,EGY,2nd,36,4,11,5,Salma Hany
2020-2021 PSA World Championship,Women's,2021-07-22,Joelle King,Emily Whitlock,7,24,NZL,WAL,2nd,35,1,11,7,Joelle King
2020-2021 PSA World Championship,Women's,2021-07-22,Joelle King,Emily Whitlock,7,24,NZL,WAL,2nd,35,2,11,7,Joelle King
2020-2021 PSA World Championship,Women's,2021-07-22,Joelle King,Emily Whitlock,7,24,NZL,WAL,2nd,35,3,8,11,Emily Whitlock
2020-2021 PSA World Championship,Women's,2021-07-22,Joelle King,Emily Whitlock,7,24,NZL,WAL,2nd,35,4,11,9,Joelle King
2020-2021 PSA World Championship,Women's,2021-07-22,Nadine Shahin,Rachel Arnold,15,NA,EGY,MAS,2nd,34,1,12,14,Rachel Arnold
2020-2021 PSA World Championship,Women's,2021-07-22,Nadine Shahin,Rachel Arnold,15,NA,EGY,MAS,2nd,34,2,13,11,Nadine Shahin
2020-2021 PSA World Championship,Women's,2021-07-22,Nadine Shahin,Rachel Arnold,15,NA,EGY,MAS,2nd,34,3,11,4,Nadine Shahin
2020-2021 PSA World Championship,Women's,2021-07-22,Nadine Shahin,Rachel Arnold,15,NA,EGY,MAS,2nd,34,4,11,7,Nadine Shahin
2020-2021 PSA World Championship,Women's,2021-07-22,Tesni Evans,Lucy Turmel,9,28,WAL,ENG,2nd,33,1,9,11,Lucy Turmel
2020-2021 PSA World Championship,Women's,2021-07-22,Tesni Evans,Lucy Turmel,9,28,WAL,ENG,2nd,33,2,11,8,Tesni Evans
2020-2021 PSA World Championship,Women's,2021-07-22,Tesni Evans,Lucy Turmel,9,28,WAL,ENG,2nd,33,3,11,3,Tesni Evans
2020-2021 PSA World Championship,Women's,2021-07-22,Tesni Evans,Lucy Turmel,9,28,WAL,ENG,2nd,33,4,3,11,Lucy Turmel
2020-2021 PSA World Championship,Women's,2021-07-22,Tesni Evans,Lucy Turmel,9,28,WAL,ENG,2nd,33,5,11,7,Tesni Evans
2020-2021 PSA World Championship,Women's,2021-07-22,Nouran Gohar,Lisa Aitken,2,32,EGY,SCO,2nd,32,1,11,3,Nouran Gohar
2020-2021 PSA World Championship,Women's,2021-07-22,Nouran Gohar,Lisa Aitken,2,32,EGY,SCO,2nd,32,2,11,4,Nouran Gohar
2020-2021 PSA World Championship,Women's,2021-07-22,Nouran Gohar,Lisa Aitken,2,32,EGY,SCO,2nd,32,3,11,5,Nouran Gohar
2020-2021 PSA World Championship,Women's,2021-07-22,Nour El Sherbini,Haley Mendez,1,NA,EGY,USA,1st,31,1,11,3,Nour El Sherbini
2020-2021 PSA World Championship,Women's,2021-07-22,Nour El Sherbini,Haley Mendez,1,NA,EGY,USA,1st,31,2,11,7,Nour El Sherbini
2020-2021 PSA World Championship,Women's,2021-07-22,Nour El Sherbini,Haley Mendez,1,NA,EGY,USA,1st,31,3,11,6,Nour El Sherbini
2020-2021 PSA World Championship,Women's,2021-07-22,Emilia Soini,Mayar Hany,NA,31,FIN,EGY,1st,30,1,11,13,Mayar Hany
2020-2021 PSA World Championship,Women's,2021-07-22,Emilia Soini,Mayar Hany,NA,31,FIN,EGY,1st,30,2,11,6,Emilia Soini
2020-2021 PSA World Championship,Women's,2021-07-22,Emilia Soini,Mayar Hany,NA,31,FIN,EGY,1st,30,3,11,6,Emilia Soini
2020-2021 PSA World Championship,Women's,2021-07-22,Emilia Soini,Mayar Hany,NA,31,FIN,EGY,1st,30,4,11,7,Emilia Soini
2020-2021 PSA World Championship,Women's,2021-07-22,Olivia Fiechter,Enora Villard,17,NA,USA,FRA,1st,29,1,11,6,Olivia Fiechter
2020-2021 PSA World Championship,Women's,2021-07-22,Olivia Fiechter,Enora Villard,17,NA,USA,FRA,1st,29,2,11,1,Olivia Fiechter
2020-2021 PSA World Championship,Women's,2021-07-22,Olivia Fiechter,Enora Villard,17,NA,USA,FRA,1st,29,3,11,2,Olivia Fiechter
2020-2021 PSA World Championship,Women's,2021-07-22,Tinne Gilis,Menna Hamed,14,NA,BEL,EGY,1st,28,1,12,10,Tinne Gilis
2020-2021 PSA World Championship,Women's,2021-07-22,Tinne Gilis,Menna Hamed,14,NA,BEL,EGY,1st,28,2,10,12,Menna Hamed
2020-2021 PSA World Championship,Women's,2021-07-22,Tinne Gilis,Menna Hamed,14,NA,BEL,EGY,1st,28,3,11,3,Tinne Gilis
2020-2021 PSA World Championship,Women's,2021-07-22,Tinne Gilis,Menna Hamed,14,NA,BEL,EGY,1st,28,4,11,7,Tinne Gilis
2020-2021 PSA World Championship,Women's,2021-07-22,Joshna Chinappa,Tessa ter Sluis,10,NA,IND,NED,1st,27,1,11,6,Joshna Chinappa
2020-2021 PSA World Championship,Women's,2021-07-22,Joshna Chinappa,Tessa ter Sluis,10,NA,IND,NED,1st,27,2,11,4,Joshna Chinappa
2020-2021 PSA World Championship,Women's,2021-07-22,Joshna Chinappa,Tessa ter Sluis,10,NA,IND,NED,1st,27,3,11,6,Joshna Chinappa
2020-2021 PSA World Championship,Women's,2021-07-22,Melissa Alves,Bruna Marchesi Petrillo,27,NA,FRA,ITA,1st,26,1,11,1,Melissa Alves
2020-2021 PSA World Championship,Women's,2021-07-22,Melissa Alves,Bruna Marchesi Petrillo,27,NA,FRA,ITA,1st,26,2,11,3,Melissa Alves
2020-2021 PSA World Championship,Women's,2021-07-22,Melissa Alves,Bruna Marchesi Petrillo,27,NA,FRA,ITA,1st,26,3,11,2,Melissa Alves
2020-2021 PSA World Championship,Women's,2021-07-22,Coline Aumard,Liu TszLing,23,NA,FRA,HKG,1st,25,1,11,7,Coline Aumard
2020-2021 PSA World Championship,Women's,2021-07-22,Coline Aumard,Liu TszLing,23,NA,FRA,HKG,1st,25,2,11,6,Coline Aumard
2020-2021 PSA World Championship,Women's,2021-07-22,Coline Aumard,Liu TszLing,23,NA,FRA,HKG,1st,25,3,11,5,Coline Aumard
2020-2021 PSA World Championship,Women's,2021-07-22,SarahJane Perry,Vanessa Chu,6,NA,ENG,HKG,1st,24,1,7,11,Vanessa Chu
2020-2021 PSA World Championship,Women's,2021-07-22,SarahJane Perry,Vanessa Chu,6,NA,ENG,HKG,1st,24,2,11,4,SarahJane Perry
2020-2021 PSA World Championship,Women's,2021-07-22,SarahJane Perry,Vanessa Chu,6,NA,ENG,HKG,1st,24,3,11,9,SarahJane Perry
2020-2021 PSA World Championship,Women's,2021-07-22,SarahJane Perry,Vanessa Chu,6,NA,ENG,HKG,1st,24,4,11,5,SarahJane Perry
2020-2021 PSA World Championship,Women's,2021-07-22,Amanda Sobhy,Jasmine Hutton,5,NA,USA,ENG,1st,23,1,11,8,Amanda Sobhy
2020-2021 PSA World Championship,Women's,2021-07-22,Amanda Sobhy,Jasmine Hutton,5,NA,USA,ENG,1st,23,2,11,1,Amanda Sobhy
2020-2021 PSA World Championship,Women's,2021-07-22,Amanda Sobhy,Jasmine Hutton,5,NA,USA,ENG,1st,23,3,11,3,Amanda Sobhy
2020-2021 PSA World Championship,Women's,2021-07-22,Nada Abbas,Tong TszWing,22,NA,EGY,HKG,1st,22,1,11,5,Nada Abbas
2020-2021 PSA World Championship,Women's,2021-07-22,Nada Abbas,Tong TszWing,22,NA,EGY,HKG,1st,22,2,11,7,Nada Abbas
2020-2021 PSA World Championship,Women's,2021-07-22,Nada Abbas,Tong TszWing,22,NA,EGY,HKG,1st,22,3,11,6,Nada Abbas
2020-2021 PSA World Championship,Women's,2021-07-22,Danielle Letourneau,Marina Stefanoni,19,NA,CAN,USA,1st,21,1,11,4,Danielle Letourneau
2020-2021 PSA World Championship,Women's,2021-07-22,Danielle Letourneau,Marina Stefanoni,19,NA,CAN,USA,1st,21,2,12,10,Danielle Letourneau
2020-2021 PSA World Championship,Women's,2021-07-22,Danielle Letourneau,Marina Stefanoni,19,NA,CAN,USA,1st,21,3,11,5,Danielle Letourneau
2020-2021 PSA World Championship,Women's,2021-07-22,Hollie Naughton,Cristina Gomez,16,NA,CAN,ESP,1st,20,1,12,10,Hollie Naughton
2020-2021 PSA World Championship,Women's,2021-07-22,Hollie Naughton,Cristina Gomez,16,NA,CAN,ESP,1st,20,2,11,9,Hollie Naughton
2020-2021 PSA World Championship,Women's,2021-07-22,Hollie Naughton,Cristina Gomez,16,NA,CAN,ESP,1st,20,3,11,8,Hollie Naughton
2020-2021 PSA World Championship,Women's,2021-07-22,Nele Gilis,Nicole Bunyan,13,NA,BEL,CAN,1st,19,1,11,3,Nele Gilis
2020-2021 PSA World Championship,Women's,2021-07-22,Nele Gilis,Nicole Bunyan,13,NA,BEL,CAN,1st,19,2,11,2,Nele Gilis
2020-2021 PSA World Championship,Women's,2021-07-22,Nele Gilis,Nicole Bunyan,13,NA,BEL,CAN,1st,19,3,11,4,Nele Gilis
2020-2021 PSA World Championship,Women's,2021-07-22,Sivasangari Subramaniam,Sana Ibrahim,25,NA,MAS,EGY,1st,18,1,11,9,Sivasangari Subramaniam
2020-2021 PSA World Championship,Women's,2021-07-22,Sivasangari Subramaniam,Sana Ibrahim,25,NA,MAS,EGY,1st,18,2,11,2,Sivasangari Subramaniam
2020-2021 PSA World Championship,Women's,2021-07-22,Sivasangari Subramaniam,Sana Ibrahim,25,NA,MAS,EGY,1st,18,3,11,8,Sivasangari Subramaniam
2020-2021 PSA World Championship,Women's,2021-07-22,Tze Lok Ho,Milou van der Heijden,NA,30,HKG,NED,1st,17,1,9,11,Milou van der Heijden
2020-2021 PSA World Championship,Women's,2021-07-22,Tze Lok Ho,Milou van der Heijden,NA,30,HKG,NED,1st,17,2,11,6,Tze Lok Ho
2020-2021 PSA World Championship,Women's,2021-07-22,Tze Lok Ho,Milou van der Heijden,NA,30,HKG,NED,1st,17,3,11,4,Tze Lok Ho
2020-2021 PSA World Championship,Women's,2021-07-22,Tze Lok Ho,Milou van der Heijden,NA,30,HKG,NED,1st,17,4,11,8,Tze Lok Ho
2020-2021 PSA World Championship,Women's,2021-07-22,Hania El Hammamy,Jelena Dutina,4,NA,EGY,SRB,1st,16,1,11,3,Hania El Hammamy
2020-2021 PSA World Championship,Women's,2021-07-22,Hania El Hammamy,Jelena Dutina,4,NA,EGY,SRB,1st,16,2,11,1,Hania El Hammamy
2020-2021 PSA World Championship,Women's,2021-07-22,Hania El Hammamy,Jelena Dutina,4,NA,EGY,SRB,1st,16,3,11,3,Hania El Hammamy
2020-2021 PSA World Championship,Women's,2021-07-22,Camille Serme,Lee Ka Yi,3,NA,FRA,HKG,1st,15,1,11,2,Camille Serme
2020-2021 PSA World Championship,Women's,2021-07-22,Camille Serme,Lee Ka Yi,3,NA,FRA,HKG,1st,15,2,11,1,Camille Serme
2020-2021 PSA World Championship,Women's,2021-07-22,Camille Serme,Lee Ka Yi,3,NA,FRA,HKG,1st,15,3,11,6,Camille Serme
2020-2021 PSA World Championship,Women's,2021-07-22,Donna Lobban,Lily Taylor,20,NA,AUS,ENG,1st,14,1,9,11,Lily Taylor
2020-2021 PSA World Championship,Women's,2021-07-22,Donna Lobban,Lily Taylor,20,NA,AUS,ENG,1st,14,2,11,6,Donna Lobban
2020-2021 PSA World Championship,Women's,2021-07-22,Donna Lobban,Lily Taylor,20,NA,AUS,ENG,1st,14,3,11,4,Donna Lobban
2020-2021 PSA World Championship,Women's,2021-07-22,Donna Lobban,Lily Taylor,20,NA,AUS,ENG,1st,14,4,11,6,Donna Lobban
2020-2021 PSA World Championship,Women's,2021-07-22,Low Wee Wern,Nadia Pfister,21,NA,MAS,SUI,1st,13,1,11,2,Low Wee Wern
2020-2021 PSA World Championship,Women's,2021-07-22,Low Wee Wern,Nadia Pfister,21,NA,MAS,SUI,1st,13,2,11,4,Low Wee Wern
2020-2021 PSA World Championship,Women's,2021-07-22,Low Wee Wern,Nadia Pfister,21,NA,MAS,SUI,1st,13,3,11,2,Low Wee Wern
2020-2021 PSA World Championship,Women's,2021-07-22,Olivia Clyne,Cindy Merlo,12,NA,USA,SUI,1st,12,1,11,3,Olivia Clyne
2020-2021 PSA World Championship,Women's,2021-07-22,Olivia Clyne,Cindy Merlo,12,NA,USA,SUI,1st,12,2,11,6,Olivia Clyne
2020-2021 PSA World Championship,Women's,2021-07-22,Olivia Clyne,Cindy Merlo,12,NA,USA,SUI,1st,12,3,11,5,Olivia Clyne
2020-2021 PSA World Championship,Women's,2021-07-22,Rowan Elaraby,Georgia Adderley,11,NA,EGY,SCO,1st,11,1,11,4,Rowan Elaraby
2020-2021 PSA World Championship,Women's,2021-07-22,Rowan Elaraby,Georgia Adderley,11,NA,EGY,SCO,1st,11,2,11,5,Rowan Elaraby
2020-2021 PSA World Championship,Women's,2021-07-22,Rowan Elaraby,Georgia Adderley,11,NA,EGY,SCO,1st,11,3,11,6,Rowan Elaraby
2020-2021 PSA World Championship,Women's,2021-07-22,Sabrina Sobhy,Ali Loke,18,NA,USA,WAL,1st,10,1,11,5,Sabrina Sobhy
2020-2021 PSA World Championship,Women's,2021-07-22,Sabrina Sobhy,Ali Loke,18,NA,USA,WAL,1st,10,2,11,3,Sabrina Sobhy
2020-2021 PSA World Championship,Women's,2021-07-22,Sabrina Sobhy,Ali Loke,18,NA,USA,WAL,1st,10,3,11,2,Sabrina Sobhy
2020-2021 PSA World Championship,Women's,2021-07-22,Zeina Mickawy,Marie Stephan,26,NA,EGY,FRA,1st,9,1,11,3,Zeina Mickawy
2020-2021 PSA World Championship,Women's,2021-07-22,Zeina Mickawy,Marie Stephan,26,NA,EGY,FRA,1st,9,2,11,6,Zeina Mickawy
2020-2021 PSA World Championship,Women's,2021-07-22,Zeina Mickawy,Marie Stephan,26,NA,EGY,FRA,1st,9,3,5,11,Marie Stephan
2020-2021 PSA World Championship,Women's,2021-07-22,Zeina Mickawy,Marie Stephan,26,NA,EGY,FRA,1st,9,4,11,3,Zeina Mickawy
2020-2021 PSA World Championship,Women's,2021-07-22,Salma Hany,Ineta Mackevica,8,NA,EGY,LAT,1st,8,1,11,3,Salma Hany
2020-2021 PSA World Championship,Women's,2021-07-22,Salma Hany,Ineta Mackevica,8,NA,EGY,LAT,1st,8,2,11,3,Salma Hany
2020-2021 PSA World Championship,Women's,2021-07-22,Salma Hany,Ineta Mackevica,8,NA,EGY,LAT,1st,8,3,11,9,Salma Hany
2020-2021 PSA World Championship,Women's,2021-07-22,Joelle King,Karina Tyma,7,NA,NZL,POL,1st,7,1,11,3,Joelle King
2020-2021 PSA World Championship,Women's,2021-07-22,Joelle King,Karina Tyma,7,NA,NZL,POL,1st,7,2,11,2,Joelle King
2020-2021 PSA World Championship,Women's,2021-07-22,Joelle King,Karina Tyma,7,NA,NZL,POL,1st,7,3,11,2,Joelle King
2020-2021 PSA World Championship,Women's,2021-07-22,Emily Whitlock,Lucie Stefanoni,24,NA,WAL,USA,1st,6,1,11,2,Emily Whitlock
2020-2021 PSA World Championship,Women's,2021-07-22,Emily Whitlock,Lucie Stefanoni,24,NA,WAL,USA,1st,6,2,11,1,Emily Whitlock
2020-2021 PSA World Championship,Women's,2021-07-22,Emily Whitlock,Lucie Stefanoni,24,NA,WAL,USA,1st,6,3,11,6,Emily Whitlock
2020-2021 PSA World Championship,Women's,2021-07-22,Rachel Arnold,Farida Mohamed,NA,29,MAS,EGY,1st,5,1,11,8,Rachel Arnold
2020-2021 PSA World Championship,Women's,2021-07-22,Rachel Arnold,Farida Mohamed,NA,29,MAS,EGY,1st,5,2,11,8,Rachel Arnold
2020-2021 PSA World Championship,Women's,2021-07-22,Rachel Arnold,Farida Mohamed,NA,29,MAS,EGY,1st,5,3,11,13,Farida Mohamed
2020-2021 PSA World Championship,Women's,2021-07-22,Rachel Arnold,Farida Mohamed,NA,29,MAS,EGY,1st,5,4,11,9,Rachel Arnold
2020-2021 PSA World Championship,Women's,2021-07-22,Nadine Shahin,Menna Nasser,15,NA,EGY,EGY,1st,4,1,11,4,Nadine Shahin
2020-2021 PSA World Championship,Women's,2021-07-22,Nadine Shahin,Menna Nasser,15,NA,EGY,EGY,1st,4,2,11,7,Nadine Shahin
2020-2021 PSA World Championship,Women's,2021-07-22,Nadine Shahin,Menna Nasser,15,NA,EGY,EGY,1st,4,3,11,6,Nadine Shahin
2020-2021 PSA World Championship,Women's,2021-07-22,Tesni Evans,Nikki Todd,9,NA,WAL,CAN,1st,3,1,11,3,Tesni Evans
2020-2021 PSA World Championship,Women's,2021-07-22,Tesni Evans,Nikki Todd,9,NA,WAL,CAN,1st,3,2,11,8,Tesni Evans
2020-2021 PSA World Championship,Women's,2021-07-22,Tesni Evans,Nikki Todd,9,NA,WAL,CAN,1st,3,3,11,3,Tesni Evans
2020-2021 PSA World Championship,Women's,2021-07-22,Lucy Turmel,Anna Serme,28,NA,ENG,CZE,1st,2,1,11,4,Lucy Turmel
2020-2021 PSA World Championship,Women's,2021-07-22,Lucy Turmel,Anna Serme,28,NA,ENG,CZE,1st,2,2,11,6,Lucy Turmel
2020-2021 PSA World Championship,Women's,2021-07-22,Lucy Turmel,Anna Serme,28,NA,ENG,CZE,1st,2,3,11,4,Lucy Turmel
2020-2021 PSA World Championship,Women's,2021-07-22,Lisa Aitken,Hana Moataz,32,NA,SCO,EGY,1st,1,1,11,8,Lisa Aitken
2020-2021 PSA World Championship,Women's,2021-07-22,Lisa Aitken,Hana Moataz,32,NA,SCO,EGY,1st,1,2,7,11,Hana Moataz
2020-2021 PSA World Championship,Women's,2021-07-22,Lisa Aitken,Hana Moataz,32,NA,SCO,EGY,1st,1,3,11,9,Lisa Aitken
2020-2021 PSA World Championship,Women's,2021-07-22,Lisa Aitken,Hana Moataz,32,NA,SCO,EGY,1st,1,4,11,5,Lisa Aitken
2020-2021 PSA World Championship,Women's,2021-07-22,Nouran Gohar,Lucy Beecroft,2,NA,EGY,ENG,1st,0,1,11,6,Nouran Gohar
2020-2021 PSA World Championship,Women's,2021-07-22,Nouran Gohar,Lucy Beecroft,2,NA,EGY,ENG,1st,0,2,11,1,Nouran Gohar
2020-2021 PSA World Championship,Women's,2021-07-22,Nouran Gohar,Lucy Beecroft,2,NA,EGY,ENG,1st,0,3,11,5,Nouran Gohar
